bond_length,gs_energy
-0.1,-0.5019706389747658
-0.05,-0.497390125549746
0.0,-0.4931301313975746
0.05000000000000002,-0.48913856171970554
0.1,-0.48537148864876994
0.15,-0.4817924356135692
0.20000000000000004,-0.4783713733740268
0.25,-0.4750836963451199
0.30000000000000004,-0.4719093017501292
0.35,-0.4688318082526457
