bond_length,gs_energy
-0.1,-1.5404711623290503
-0.05,-1.5330510747124775
0.0,-1.5277342413587194
0.05000000000000002,-1.524152170364211
0.1,-1.5219082695340345
0.15,-1.5206335927667158
0.20000000000000004,-1.520208703388448
0.25,-1.5216148891238375
0.30000000000000004,-1.5277297133298124
0.35,-1.5387795078404978
