bond_length,gs_energy
-0.1,-9.207024632291148
-0.05,-9.19005796917033
0.0,-9.17286419226157
0.05000000000000002,-9.155499175889133
0.1,-9.138014377491176
0.15,-9.120454957101126
0.20000000000000004,-9.102859817538793
0.25,-9.085294306214191
0.30000000000000004,-9.067724132371442
0.35,-9.050203948553062
