pauligate,parameters,energy
YX,-0.21118599000259036,-0.47083034521937567
YX,-0.00013370340091795383,-0.47190930143467424
YX,2.2138390887306397e-05,-0.47190930174075046
YX,-1.405199271592595e-07,-0.4719093021835972
YX,-1.405199271592595e-07,-0.47190930219550176
