pauligate,parameters,energy
YX,-0.1637854146541239,-0.4883394551328724
YX,-5.1435802951840696e-05,-0.4891385616563653
YX,7.665912701113477e-06,-0.48913856171884756
YX,2.157651230057754e-08,-0.4891385617984901
YX,2.157651230057754e-08,-0.4891385618002405
