pauligate,parameters,energy
XY,0.5912759310625861,-1.4926282550020924
XY,0,-1.5404711623290466
XY,0.0,-1.5404711623290466
XY,0.0,-1.5404711623290466
XY,0.0,-1.5404711623290466
