pauligate,parameters,energy
YX,-0.15553567155636916,-0.492379967696154
YX,-4.2405930277785284e-05,-0.4931301313517578
YX,6.246519279516638e-06,-0.4931301313970782
YX,-4.240357924327932e-08,-0.49313013145326573
YX,-4.240357924327932e-08,-0.4931301314544833
