pauligate,parameters,energy
XY,0.4250077859629628,-1.5034423087093316
XY,0,-1.5277297133298122
XY,0.0,-1.5277297133298122
XY,0.0,-1.5277297133298122
XY,0.0,-1.5277297133298122
