pauligate,parameters,energy
XY,0.755523183528468,-1.4561489535109702
XY,-2.027633162863755e-06,-1.5219082695328572
XY,-2.027633162863755e-06,-1.5219082695338892
XY,1.8938280970597767e-06,-1.5219082695344248
XY,1.3508699741953366e-07,-1.5219082695349162
