pauligate,parameters,energy
YX,-0.22212923556248207,-0.4676892194566238
YX,-0.00016345200832142294,-0.4688318078114581
YX,2.7797720109259056e-05,-0.4688318082374007
YX,1.3141263465998312e-07,-0.46883180887298836
YX,1.3141263465998312e-07,-0.46883180889091974
