pauligate,parameters,energy
YX,-0.14763974709529576,-0.49668665890521324
YX,-3.530623619483206e-05,-0.49739012551594375
YX,5.177043994171141e-06,-0.4973901255494616
YX,-5.780053935347876e-08,-0.4973901255898722
YX,-5.780053935347876e-08,-0.49739012559074663
