pauligate,parameters,energy
XY,0.5898161279301042,-1.4798796708421695
XY,0,-1.5216148891238364
XY,0,-1.5216148891238364
XY,0,-1.5216148891238364
XY,0,-1.5216148891238364
