pauligate,parameters,energy
YX,-0.17241244674853362,-0.4845211484998354
YX,-6.179104168032748e-05,-0.48537148856201423
YX,9.166463715509669e-06,-0.48537148864745555
YX,-1.1749689149280457e-07,-0.48537148875802744
YX,-1.1749689149280457e-07,-0.48537148876045116
