pauligate,parameters,energy
XY,0.6970881502583798,-1.467971172586305
XY,0,-1.527734241358628
XY,0.0,-1.527734241358628
XY,0.0,-1.5277342413586281
XY,0.0,-1.5277342413586281
