pauligate,parameters,energy
YX,-0.19088480547642664,-0.4774116081314099
YX,-9.043194413565483e-05,-0.4783713732099284
YX,1.4025224038705728e-05,-0.47837137337048075
YX,-7.335493593614882e-08,-0.47837137358975745
YX,-7.335493593614882e-08,-0.47837137359495957
