pauligate,parameters,energy
XY,0.7495764023041243,-1.4568174252514063
XY,-1.8332291554738062e-06,-1.5206335927657255
XY,-1.8332291554738062e-06,-1.5206335927665837
XY,2.007990883307428e-06,-1.520633592767042
XY,-9.00610844215997e-08,-1.5206335927673365
