pauligate,parameters,energy
XY,0.27424683264883437,-1.5269666037905092
XY,4.166736272785515e-06,-1.538779507838653
XY,-5.188414187382115e-08,-1.5387795078404092
XY,-5.188414187382115e-08,-1.538779507843165
XY,-5.188414187382115e-08,-1.538779507843165
