pauligate,parameters,energy
YX,-0.14006602222571451,-0.5013117514402848
YX,-2.936119741249889e-05,-0.5019706389500318
YX,4.40871259126739e-06,-0.5019706389745968
YX,-1.1797115398611262e-07,-0.5019706390035966
YX,-1.1797115398611262e-07,-0.501970639004267
