pauligate,parameters,energy
YX,-0.18143728399624118,-0.48088855496753835
YX,-7.467693206844992e-05,-0.4817924354944824
YX,1.1173005883908457e-05,-0.4817924356113964
YX,-7.565373535832464e-08,-0.48179243576685465
YX,-7.565373535832464e-08,-0.48179243577029846
