pauligate,parameters,energy
YX,-0.20078733508519697,-0.4740656183285278
YX,-0.00010998727950941071,-0.47508369611759177
YX,1.7461631808700356e-05,-0.47508369633928615
YX,1.4264148626914517e-07,-0.4750836966512157
YX,1.4264148626914517e-07,-0.47508369665891725
