pauligate,parameters,energy
XY,0.7349396809327096,-1.4602055945693402
XY,-1.1562609020431209e-06,-1.524152170363581
XY,-1.1562609020431209e-06,-1.5241521703640608
XY,9.627772836950585e-07,-1.5241521703643757
XY,6.368445296036241e-08,-1.5241521703644405
