pauligate,parameters,energy
XY,0.7012177937937792,-1.463986535908502
XY,-1.8873275057618275e-07,-1.520208703388246
XY,-2.3318920754608084e-07,-1.5202087033883005
XY,0,-1.5202087033883047
XY,0,-1.5202087033883047
