pauligate,parameters,energy
XY,0.6477849256951186,-1.4788854677831875
XY,0,-1.5330510747124637
XY,0,-1.5330510747124637
XY,0,-1.5330510747124637
XY,0,-1.5330510747124637
